<?xml version="1.0" encoding="UTF-8"?>
<!DOCTYPE mapper PUBLIC "//mybatis.org/DTD Mapper 3.0//EN" "http://mybatis.org/dtd/mybatis-3-mapper.dtd">
<mapper namespace="com.example.demo.mapper.BoardMapper">

	<select id="selectList" resultType="BoardVO" parameterType="SearchHelper">
		SELECT BOARD_NO, BOARD_TITLE, BOARD_CONTENT, BOARD_WRITER, BOARD_REG_DATE, ROW_NUMBER FROM (
			SELECT B.BOARD_NO, B.BOARD_TITLE, B.BOARD_CONTENT, B.BOARD_WRITER, B.BOARD_REG_DATE, 
				ROW_NUMBER() OVER (ORDER BY BOARD_NO) AS ROW_NUMBER
				FROM BOARDS B
			ORDER BY B.BOARD_NO DESC
		) OFFSET #{offset} ROWS FETCH NEXT #{pageSize} ROWS ONLY
	</select>
	
	<select id="selectListCount" resultType="int" parameterType="SearchHelper">
		SELECT COUNT(*) AS cnt FROM BOARDS
	</select>
	
	<insert id="insertBoard" parameterType="BoardVO"
        useGeneratedKeys="true"
        keyProperty="boardNo"
        keyColumn="BOARD_NO">
		INSERT INTO BOARDS (
			BOARD_TITLE
			, BOARD_CONTENT
			, BOARD_WRITER
		) VALUES (
			#{boardTitle}
			, #{boardContent}
			, #{boardWriter}
		)
	</insert>
	
	<update id="updateBoard" parameterType="BoardVO">
		UPDATE BOARDS
		<set>
			<if test="boardTitle != null">
			BOARD_TITLE = #{boardTitle}, 
			</if>
			<if test="boardContent != null">
			BOARD_CONTENT = #{boardContent},
			</if>
		</set>
		WHERE BOARD_NO = #{boardNo}
	</update>
	
	<delete id="deleteBoard" parameterType="Long">
		DELETE FROM BOARDS WHERE BOARD_NO = #{boardNo}
	</delete>
		
	<select id="selectBoard" parameterType="Long" resultType="BoardVO">
		SELECT * FROM BOARDS WHERE BOARD_NO = #{boardNo}
	</select>
	
	
	
	
	
	
	

</mapper>